molecule,equation,stage,trial,nranks,wall_s,compute_s,sparsity,peak_rss_kb
C3H8,eq2,stage1,1,1,0.153654,0.153647,0,2195500
C3H8,eq2,stage2,1,1,0.15294,0.152936,0.709722,2195500
C3H8,eq2,stage3,1,1,1.26823,1.26823,0.928723,2799700
C3H8,eq2,total,1,1,1.57556,1.57556,0.928723,2799700
C3H8,eq2,stage1,2,1,0.055785,0.0448888,0,2799700
C3H8,eq2,stage2,2,1,0.144141,0.144137,0.7125,2799700
C3H8,eq2,stage3,2,1,1.11024,1.11023,0.928144,2799700
C3H8,eq2,total,2,1,1.31102,1.31102,0.928144,2799700
C3H8,eq2,stage1,3,1,0.0502651,0.0502428,0,2799700
C3H8,eq2,stage2,3,1,0.0930409,0.0930375,0.7125,2799700
C3H8,eq2,stage3,3,1,1.07304,1.07303,0.929109,2800808
C3H8,eq2,total,3,1,1.21714,1.21714,0.929109,2800808
molecule,equation,stage,trial,nranks,wall_s,compute_s,sparsity,peak_rss_kb
C3H8,eq2,stage1,1,2,0.600192,0.567952,0,1727088
C3H8,eq2,stage2,1,2,1.19998,1.19227,0.715278,1727088
C3H8,eq2,stage3,1,2,4.42804,4.24448,0.934172,2077280
C3H8,eq2,total,1,2,6.26799,6.26799,0.934172,2077280
C3H8,eq2,stage1,2,2,0.288244,0.287907,0,2077280
C3H8,eq2,stage2,2,2,0.799482,0.783757,0.720139,2077280
C3H8,eq2,stage3,2,2,3.33208,3.31257,0.932967,2077280
C3H8,eq2,total,2,2,4.432,4.432,0.932967,2077280
C3H8,eq2,stage1,3,2,0.193333,0.12402,0,2077280
C3H8,eq2,stage2,3,2,0.88271,0.874998,0.71875,2077280
C3H8,eq2,stage3,3,2,2.85102,2.85058,0.934896,2126964
C3H8,eq2,total,3,2,3.95503,3.95503,0.934896,2126964
molecule,equation,stage,trial,nranks,wall_s,compute_s,sparsity,peak_rss_kb
C3H8,eq2,stage1,1,4,0.766816,0.734255,0,1255456
C3H8,eq2,stage2,1,4,1.27507,1.26047,0.71875,1255456
C3H8,eq2,stage3,1,4,5.89208,5.87695,0.931183,1255456
C3H8,eq2,total,1,4,7.96634,7.96634,0.931183,1255456
C3H8,eq2,stage1,2,4,0.255983,0.159002,0,1255456
C3H8,eq2,stage2,2,4,1.10509,1.10435,0.719444,1255456
C3H8,eq2,stage3,2,4,4.12087,4.10474,0.933015,1255456
C3H8,eq2,total,2,4,5.54079,5.54079,0.933015,1255456
C3H8,eq2,stage1,3,4,0.243928,0.199871,0,1255456
C3H8,eq2,stage2,3,4,1.29098,1.29029,0.720139,1255456
C3H8,eq2,stage3,3,4,3.96807,3.93249,0.935041,1255456
C3H8,eq2,total,3,4,5.58398,5.58398,0.935041,1255456
molecule,equation,stage,trial,nranks,wall_s,compute_s,sparsity,peak_rss_kb
C3H8,eq2,stage1,1,8,0.880202,0.55656,0,1201892
C3H8,eq2,stage2,1,8,2.74418,2.70045,0.720139,1201892
C3H8,eq2,stage3,1,8,7.46397,7.38466,0.935909,1201892
C3H8,eq2,total,1,8,11.2481,11.2481,0.935909,1201892
C3H8,eq2,stage1,2,8,0.332078,0.25632,0,1201892
C3H8,eq2,stage2,2,8,2.01222,1.98049,0.720139,1201892
C3H8,eq2,stage3,2,8,5.80034,5.70043,0.936584,1201892
C3H8,eq2,total,2,8,8.3122,8.3122,0.936584,1201892
C3H8,eq2,stage1,3,8,0.423868,0.307612,0,1201892
C3H8,eq2,stage2,3,8,2.02446,2.00072,0.719444,1201892
C3H8,eq2,stage3,3,8,5.5641,5.46452,0.935233,1201892
C3H8,eq2,total,3,8,8.16371,8.16371,0.935233,1201892
molecule,equation,stage,trial,nranks,wall_s,compute_s,sparsity,peak_rss_kb
C3H8,eq2,stage1,1,4,0.106621,0.105902,0,1255776
C3H8,eq2,stage2,1,4,0.452254,0.415541,0.71875,1255776
C3H8,eq2,stage3,1,4,1.53674,1.3601,0.932822,1255776
C3H8,eq2,total,1,4,2.11929,2.11929,0.932822,1255776
C3H8,eq2,stage1,2,4,0.0403636,0.0396732,0,1255776
C3H8,eq2,stage2,2,4,0.34905,0.34819,0.71875,1255776
C3H8,eq2,stage3,2,4,1.23274,1.13472,0.93369,1255776
C3H8,eq2,total,2,4,1.65193,1.65193,0.93369,1255776
C3H8,eq2,stage1,3,4,0.0688494,0.0241225,0,1255776
C3H8,eq2,stage2,3,4,0.371641,0.37072,0.716667,1255776
C3H8,eq2,stage3,3,4,1.3299,1.18264,0.930797,1255776
C3H8,eq2,total,3,4,1.80497,1.80497,0.930797,1255776
molecule,equation,stage,trial,nranks,wall_s,compute_s,sparsity,peak_rss_kb
C3H8,eq2,stage1,1,8,0.121014,0.0932838,0,1202056
C3H8,eq2,stage2,1,8,0.364153,0.327454,0.716667,1202056
C3H8,eq2,stage3,1,8,1.43868,1.32841,0.932147,1202056
C3H8,eq2,total,1,8,1.9533,1.9533,0.932147,1202056
C3H8,eq2,stage1,2,8,0.0595515,0.036123,0,1202056
C3H8,eq2,stage2,2,8,0.386574,0.385523,0.71875,1202056
C3H8,eq2,stage3,2,8,1.1191,1.06586,0.934365,1202056
C3H8,eq2,total,2,8,1.59929,1.59929,0.934365,1202056
C3H8,eq2,stage1,3,8,0.0927576,0.0484341,0,1202056
C3H8,eq2,stage2,3,8,0.402665,0.40149,0.716667,1202056
C3H8,eq2,stage3,3,8,1.05111,0.916806,0.932436,1202056
C3H8,eq2,total,3,8,1.61511,1.61511,0.932436,1202056
molecule,equation,stage,trial,nranks,wall_s,compute_s,sparsity,peak_rss_kb
C3H8,eq2,stage1,1,16,0.107162,0.0907515,0,1202032
C3H8,eq2,stage2,1,16,0.404872,0.403357,0.715972,1202032
C3H8,eq2,stage3,1,16,1.18605,1.06776,0.931809,1202032
C3H8,eq2,total,1,16,1.7364,1.7364,0.931809,1202032
C3H8,eq2,stage1,2,16,0.0730454,0.0578764,0,1202032
C3H8,eq2,stage2,2,16,0.388403,0.386938,0.720139,1202032
C3H8,eq2,stage3,2,16,1.15183,1.05809,0.935137,1202032
C3H8,eq2,total,2,16,1.64545,1.64545,0.935137,1202032
C3H8,eq2,stage1,3,16,0.0794047,0.0337328,0,1202032
C3H8,eq2,stage2,3,16,0.336174,0.334668,0.71875,1202032
C3H8,eq2,stage3,3,16,0.896762,0.870227,0.932533,1202032
C3H8,eq2,total,3,16,1.36093,1.36093,0.932533,1202032
molecule,equation,stage,trial,nranks,wall_s,compute_s,sparsity,peak_rss_kb
C3H8,eq2,stage1,1,32,0.0975428,0.0701786,0,1202028
C3H8,eq2,stage2,1,32,0.37454,0.372892,0.718056,1202028
C3H8,eq2,stage3,1,32,1.08531,0.96817,0.931906,1202028
C3H8,eq2,total,1,32,1.63862,1.63862,0.931906,1202028
C3H8,eq2,stage1,2,32,0.0728093,0.0374383,0,1202028
C3H8,eq2,stage2,2,32,0.368711,0.366974,0.717361,1202028
C3H8,eq2,stage3,2,32,0.843584,0.780387,0.933449,1202028
C3H8,eq2,total,2,32,1.31885,1.31885,0.933449,1202028
C3H8,eq2,stage1,3,32,0.0414397,0.0224103,0,1202028
C3H8,eq2,stage2,3,32,0.510569,0.509082,0.716667,1202028
C3H8,eq2,stage3,3,32,0.913974,0.815743,0.932099,1202028
C3H8,eq2,total,3,32,1.53465,1.53465,0.932099,1202028
molecule,equation,stage,trial,nranks,wall_s,compute_s,sparsity,peak_rss_kb
C3H8,eq2,stage1,1,8,0.525586,0.49528,0,1201644
C3H8,eq2,stage2,1,8,2.06327,2.05528,0.717361,1201644
C3H8,eq2,stage3,1,8,4.20517,4.15818,0.934896,1201644
C3H8,eq2,total,1,8,6.95315,6.95315,0.934896,1201644
C3H8,eq2,stage1,2,8,0.508126,0.275995,0,1201644
C3H8,eq2,stage2,2,8,2.09225,2.07257,0.717361,1201644
C3H8,eq2,stage3,2,8,3.40841,3.33481,0.933208,1201644
C3H8,eq2,total,2,8,6.18842,6.18842,0.933208,1201644
C3H8,eq2,stage1,3,8,0.356128,0.286824,0,1201644
C3H8,eq2,stage2,3,8,2.12088,2.09309,0.71875,1201644
C3H8,eq2,stage3,3,8,3.89546,3.71905,0.935378,1201644
C3H8,eq2,total,3,8,6.48417,6.48417,0.935378,1201644
molecule,equation,stage,trial,nranks,wall_s,compute_s,sparsity,peak_rss_kb
C3H8,eq2,stage1,1,16,0.556035,0.404011,0,1202044
C3H8,eq2,stage2,1,16,3.86927,3.66269,0.715972,1202044
C3H8,eq2,stage3,1,16,4.62287,4.41108,0.933353,1202044
C3H8,eq2,total,1,16,9.29199,9.29199,0.933353,1202044
C3H8,eq2,stage1,2,16,0.524094,0.491985,0,1202044
C3H8,eq2,stage2,2,16,2.61056,2.59643,0.717361,1202044
C3H8,eq2,stage3,2,16,3.77209,3.65231,0.933594,1202044
C3H8,eq2,total,2,16,7.09623,7.09623,0.933594,1202044
C3H8,eq2,stage1,3,16,0.301976,0.219866,0,1202044
C3H8,eq2,stage2,3,16,2.62808,2.56007,0.718056,1202044
C3H8,eq2,stage3,3,16,4.32062,3.62083,0.934028,1202044
C3H8,eq2,total,3,16,7.56983,7.56983,0.934028,1202044
molecule,equation,stage,trial,nranks,wall_s,compute_s,sparsity,peak_rss_kb
C3H8,eq2,stage1,1,32,0.7113,0.558065,0,1202260
C3H8,eq2,stage2,1,32,3.23374,3.20433,0.717361,1202260
C3H8,eq2,stage3,1,32,4.77018,4.48754,0.93369,1202260
C3H8,eq2,total,1,32,9.28429,9.28429,0.93369,1202260
C3H8,eq2,stage1,2,32,0.424115,0.268012,0,1202260
C3H8,eq2,stage2,2,32,3.14293,3.10595,0.719444,1202260
C3H8,eq2,stage3,2,32,3.6879,3.59493,0.93697,1202260
C3H8,eq2,total,2,32,7.57043,7.57043,0.93697,1202260
C3H8,eq2,stage1,3,32,0.469443,0.316882,0,1202260
C3H8,eq2,stage2,3,32,3.92545,3.82557,0.717361,1202260
C3H8,eq2,stage3,3,32,4.45038,3.91745,0.935041,1202260
C3H8,eq2,total,3,32,9.16382,9.16382,0.935041,1202260
molecule,equation,stage,trial,nranks,wall_s,compute_s,sparsity,peak_rss_kb
C3H8,eq2,stage1,1,64,0.740009,0.476001,0,1201844
C3H8,eq2,stage2,1,64,4.94006,4.7243,0.719444,1201844
C3H8,eq2,stage3,1,64,5.60883,5.37392,0.935619,1201844
C3H8,eq2,total,1,64,11.8707,11.8707,0.935619,1201844
C3H8,eq2,stage1,2,64,0.557287,0.403972,0,1201844
C3H8,eq2,stage2,2,64,3.84106,3.78044,0.720833,1201844
C3H8,eq2,stage3,2,64,5.40104,5.31227,0.934028,1201844
C3H8,eq2,total,2,64,10.2931,10.2931,0.934028,1201844
C3H8,eq2,stage1,3,64,0.443943,0.304565,0,1201844
C3H8,eq2,stage2,3,64,4.23351,4.13591,0.718056,1201844
C3H8,eq2,stage3,3,64,4.35475,4.20693,0.934944,1201844
C3H8,eq2,total,3,64,9.54155,9.54155,0.934944,1201844
molecule,equation,stage,trial,nranks,wall_s,compute_s,sparsity,peak_rss_kb
C2H6,eq2,stage1,1,1,0.0112651,0.0112589,0,800448
C2H6,eq2,stage2,1,1,0.0297085,0.029705,0.589744,800448
C2H6,eq2,stage3,1,1,0.247704,0.247701,0.863723,967884
C2H6,eq2,total,1,1,0.289018,0.289018,0.863723,967884
C2H6,eq2,stage1,2,1,0.0076973,0.0076914,0,967884
C2H6,eq2,stage2,2,1,0.0249102,0.0249064,0.589744,967884
C2H6,eq2,stage3,2,1,0.209918,0.209914,0.86396,982140
C2H6,eq2,total,2,1,0.242874,0.242874,0.86396,982140
C2H6,eq2,stage1,3,1,0.00798977,0.00798359,0,982140
C2H6,eq2,stage2,3,1,0.0250324,0.0250286,0.589744,982140
C2H6,eq2,stage3,3,1,0.215163,0.21516,0.863248,999564
C2H6,eq2,total,3,1,0.248544,0.248544,0.863248,999564
molecule,equation,stage,trial,nranks,wall_s,compute_s,sparsity,peak_rss_kb
C3H8,eq2,stage1,1,1,0.0637447,0.0637382,0,2195268
C3H8,eq2,stage2,1,1,0.103569,0.103565,0.7125,2195268
C3H8,eq2,stage3,1,1,0.9926,0.992596,0.92853,2804744
C3H8,eq2,total,1,1,1.16068,1.16068,0.92853,2804744
C3H8,eq2,stage1,2,1,0.0395347,0.0395256,0,2804744
C3H8,eq2,stage2,2,1,0.0891285,0.0891247,0.711111,2804744
C3H8,eq2,stage3,2,1,0.973215,0.973211,0.92771,2825280
C3H8,eq2,total,2,1,1.10273,1.10273,0.92771,2825280
C3H8,eq2,stage1,3,1,0.0394434,0.0394295,0,2825280
C3H8,eq2,stage2,3,1,0.0894559,0.089452,0.711806,2825280
C3H8,eq2,stage3,3,1,0.957644,0.957641,0.927662,2825280
C3H8,eq2,total,3,1,1.08741,1.08741,0.927662,2825280
molecule,equation,stage,trial,nranks,wall_s,compute_s,sparsity,peak_rss_kb
C4H10,eq2,stage1,1,1,0.090618,0.0906117,0.36,4650848
C4H10,eq2,stage2,1,1,0.181918,0.181914,0.824615,4650848
C4H10,eq2,stage3,1,1,2.09763,2.09693,0.967089,5452828
C4H10,eq2,total,1,1,2.37118,2.37118,0.967089,5452828
C4H10,eq2,stage1,2,1,0.0877275,0.087721,0.36,5452828
C4H10,eq2,stage2,2,1,0.169806,0.169802,0.824872,5452828
C4H10,eq2,stage3,2,1,2.06798,2.06741,0.967669,5581716
C4H10,eq2,total,2,1,2.3266,2.3266,0.967669,5581716
C4H10,eq2,stage1,3,1,0.0851945,0.0851875,0.36,5581716
C4H10,eq2,stage2,3,1,0.164069,0.164066,0.82282,5581716
C4H10,eq2,stage3,3,1,2.03243,2.03174,0.966521,5632308
C4H10,eq2,total,3,1,2.28896,2.28896,0.966521,5632308
molecule,equation,stage,trial,nranks,wall_s,compute_s,sparsity,peak_rss_kb
C5H12,eq2,stage1,1,1,0.264732,0.264725,0.306122,8323516
C5H12,eq2,stage2,1,1,0.449631,0.449627,0.85866,8323516
C5H12,eq2,stage3,1,1,4.35311,4.34808,0.981333,10360904
C5H12,eq2,total,1,1,5.06952,5.06952,0.981333,10360904
C5H12,eq2,stage1,2,1,0.254219,0.253372,0.306122,10360904
C5H12,eq2,stage2,2,1,0.403843,0.403839,0.857026,10360904
C5H12,eq2,stage3,2,1,4.27571,4.27085,0.981714,10423100
C5H12,eq2,total,2,1,4.93571,4.93571,0.981714,10423100
C5H12,eq2,stage1,3,1,0.268019,0.268001,0.306122,10423100
C5H12,eq2,stage2,3,1,0.379753,0.37975,0.863912,10423100
C5H12,eq2,stage3,3,1,4.32396,4.31905,0.982002,10423100
C5H12,eq2,total,3,1,4.98036,4.98036,0.982002,10423100
molecule,equation,stage,trial,nranks,wall_s,compute_s,sparsity,peak_rss_kb
C6H14,eq2,stage1,1,1,0.643232,0.643225,0.271046,13463624
C6H14,eq2,stage2,1,1,0.7291,0.729096,0.880447,13463624
C6H14,eq2,stage3,1,1,7.10624,7.09958,0.985821,15855612
C6H14,eq2,total,1,1,8.48246,8.48246,0.985821,15855612
C6H14,eq2,stage1,2,1,0.596375,0.596355,0.271046,15855612
C6H14,eq2,stage2,2,1,0.740096,0.740092,0.880929,15855612
C6H14,eq2,stage3,2,1,6.77771,6.77085,0.986304,15926200
C6H14,eq2,total,2,1,8.19532,8.19532,0.986304,15926200
C6H14,eq2,stage1,3,1,0.631348,0.609448,0.271046,15926200
C6H14,eq2,stage2,3,1,0.726209,0.726205,0.877758,15926200
C6H14,eq2,stage3,3,1,6.91737,6.91047,0.985659,15926200
C6H14,eq2,total,3,1,8.29121,8.29121,0.985659,15926200
molecule,equation,stage,trial,nranks,wall_s,compute_s,sparsity,peak_rss_kb
C2H6,eq2,stage1,1,4,0.0419523,0.0412423,0,451136
C2H6,eq2,stage2,1,4,0.166737,0.166031,0.589744,451136
C2H6,eq2,stage3,1,4,0.552933,0.498516,0.867521,451136
C2H6,eq2,total,1,4,0.820484,0.820484,0.867521,451136
C2H6,eq2,stage1,2,4,0.0353102,0.0217102,0,451136
C2H6,eq2,stage2,2,4,0.256988,0.240021,0.589744,451136
C2H6,eq2,stage3,2,4,0.418473,0.383509,0.866334,510508
C2H6,eq2,total,2,4,0.744216,0.744216,0.866334,510508
C2H6,eq2,stage1,3,4,0.0468502,0.0459734,0,510508
C2H6,eq2,stage2,3,4,0.160806,0.150518,0.589744,510508
C2H6,eq2,stage3,3,4,0.468853,0.421051,0.866097,537784
C2H6,eq2,total,3,4,0.722944,0.722944,0.866097,537784
molecule,equation,stage,trial,nranks,wall_s,compute_s,sparsity,peak_rss_kb
C2H6,eq2,stage1,1,8,0.0538207,0.0531054,0,397324
C2H6,eq2,stage2,1,8,0.229833,0.210024,0.589744,397324
C2H6,eq2,stage3,1,8,0.539283,0.469947,0.866572,397324
C2H6,eq2,total,1,8,0.855828,0.855828,0.866572,397324
C2H6,eq2,stage1,2,8,0.0245897,0.0226854,0,397324
C2H6,eq2,stage2,2,8,0.172974,0.171922,0.589744,397324
C2H6,eq2,stage3,2,8,0.396273,0.365206,0.868708,397324
C2H6,eq2,total,2,8,0.623825,0.623825,0.868708,397324
C2H6,eq2,stage1,3,8,0.0236768,0.0192699,0,397324
C2H6,eq2,stage2,3,8,0.134568,0.133368,0.589744,397324
C2H6,eq2,stage3,3,8,0.428543,0.393362,0.867996,397324
C2H6,eq2,total,3,8,0.629205,0.629205,0.867996,397324
molecule,equation,stage,trial,nranks,wall_s,compute_s,sparsity,peak_rss_kb
C2H6,eq2,stage1,1,16,0.104983,0.0705034,0,361912
C2H6,eq2,stage2,1,16,0.268987,0.267334,0.589744,361912
C2H6,eq2,stage3,1,16,0.454111,0.420738,0.868946,361912
C2H6,eq2,total,1,16,0.860403,0.860403,0.868946,361912
C2H6,eq2,stage1,2,16,0.0585449,0.00830038,0,361912
C2H6,eq2,stage2,2,16,0.199133,0.19753,0.589744,361912
C2H6,eq2,stage3,2,16,0.396702,0.356511,0.867759,361912
C2H6,eq2,total,2,16,0.688116,0.688116,0.867759,361912
C2H6,eq2,stage1,3,16,0.0512855,0.0363263,0,361912
C2H6,eq2,stage2,3,16,0.217612,0.216353,0.589744,361912
C2H6,eq2,stage3,3,16,0.386775,0.332073,0.865859,361912
C2H6,eq2,total,3,16,0.718502,0.718502,0.865859,361912
molecule,equation,stage,trial,nranks,wall_s,compute_s,sparsity,peak_rss_kb
C2H6,eq2,stage1,1,32,0.101882,0.0594738,0,335696
C2H6,eq2,stage2,1,32,0.291347,0.274382,0.589744,335696
C2H6,eq2,stage3,1,32,0.49281,0.420743,0.869421,335696
C2H6,eq2,total,1,32,0.963071,0.963071,0.869421,335696
C2H6,eq2,stage1,2,32,0.0703079,0.0327799,0,335696
C2H6,eq2,stage2,2,32,0.181871,0.180037,0.589744,335696
C2H6,eq2,stage3,2,32,0.473079,0.413823,0.868234,335696
C2H6,eq2,total,2,32,0.791375,0.791375,0.868234,335696
C2H6,eq2,stage1,3,32,0.0566538,0.0405448,0,335696
C2H6,eq2,stage2,3,32,0.213303,0.211307,0.589744,335696
C2H6,eq2,stage3,3,32,0.492723,0.490762,0.868708,335696
C2H6,eq2,total,3,32,0.798232,0.798232,0.868708,335696
molecule,equation,stage,trial,nranks,wall_s,compute_s,sparsity,peak_rss_kb
C3H8,eq2,stage1,1,4,0.108826,0.0841895,0,1255304
C3H8,eq2,stage2,1,4,0.355757,0.354804,0.718056,1255304
C3H8,eq2,stage3,1,4,1.57886,1.42916,0.932677,1255304
C3H8,eq2,total,1,4,2.08052,2.08052,0.932677,1255304
C3H8,eq2,stage1,2,4,0.078331,0.0774989,0,1255304
C3H8,eq2,stage2,2,4,0.296207,0.295064,0.719444,1255304
C3H8,eq2,stage3,2,4,1.2908,1.18476,0.935041,1255304
C3H8,eq2,total,2,4,1.69684,1.69684,0.935041,1255304
C3H8,eq2,stage1,3,4,0.0742845,0.032156,0,1255304
C3H8,eq2,stage2,3,4,0.405631,0.404731,0.720139,1255304
C3H8,eq2,stage3,3,4,1.2628,1.19528,0.933642,1255304
C3H8,eq2,total,3,4,1.77456,1.77456,0.933642,1255304
molecule,equation,stage,trial,nranks,wall_s,compute_s,sparsity,peak_rss_kb
C3H8,eq2,stage1,1,8,0.126946,0.0664805,0,1202012
C3H8,eq2,stage2,1,8,0.387041,0.385818,0.717361,1202012
C3H8,eq2,stage3,1,8,1.20341,1.10507,0.931086,1202012
C3H8,eq2,total,1,8,1.76124,1.76124,0.931086,1202012
C3H8,eq2,stage1,2,8,0.0666118,0.065102,0,1202012
C3H8,eq2,stage2,2,8,0.311753,0.310754,0.715972,1202012
C3H8,eq2,stage3,2,8,1.0827,1.03156,0.930845,1202012
C3H8,eq2,total,2,8,1.51873,1.51873,0.930845,1202012
C3H8,eq2,stage1,3,8,0.044539,0.0302148,0,1202012
C3H8,eq2,stage2,3,8,0.359706,0.358648,0.720139,1202012
C3H8,eq2,stage3,3,8,1.11514,0.97049,0.932581,1202012
C3H8,eq2,total,3,8,1.54927,1.54927,0.932581,1202012
molecule,equation,stage,trial,nranks,wall_s,compute_s,sparsity,peak_rss_kb
C3H8,eq2,stage1,1,16,0.0926504,0.0718802,0,1201960
C3H8,eq2,stage2,1,16,0.333051,0.331689,0.718056,1201960
C3H8,eq2,stage3,1,16,1.20128,1.13985,0.933931,1201960
C3H8,eq2,total,1,16,1.65934,1.65934,0.933931,1201960
C3H8,eq2,stage1,2,16,0.0770942,0.0574128,0,1201960
C3H8,eq2,stage2,2,16,0.328818,0.32735,0.717361,1201960
C3H8,eq2,stage3,2,16,1.07585,0.917296,0.929688,1201960
C3H8,eq2,total,2,16,1.52982,1.52982,0.929688,1201960
C3H8,eq2,stage1,3,16,0.110683,0.0489889,0,1201960
C3H8,eq2,stage2,3,16,0.343111,0.341599,0.716667,1201960
C3H8,eq2,stage3,3,16,1.03609,0.974566,0.932485,1201960
C3H8,eq2,total,3,16,1.52317,1.52317,0.932485,1201960
molecule,equation,stage,trial,nranks,wall_s,compute_s,sparsity,peak_rss_kb
C3H8,eq2,stage1,1,32,0.115102,0.0955319,0,1201740
C3H8,eq2,stage2,1,32,0.381042,0.379313,0.718056,1201740
C3H8,eq2,stage3,1,32,1.06518,1.00393,0.93287,1201740
C3H8,eq2,total,1,32,1.62881,1.62881,0.93287,1201740
C3H8,eq2,stage1,2,32,0.0614542,0.0591714,0,1201740
C3H8,eq2,stage2,2,32,0.44656,0.444913,0.71875,1201740
C3H8,eq2,stage3,2,32,0.883262,0.799037,0.933449,1201740
C3H8,eq2,total,2,32,1.45368,1.45368,0.933449,1201740
C3H8,eq2,stage1,3,32,0.0586966,0.0512097,0,1201740
C3H8,eq2,stage2,3,32,0.315092,0.313441,0.720139,1201740
C3H8,eq2,stage3,3,32,0.999297,0.88885,0.93369,1201740
C3H8,eq2,total,3,32,1.44526,1.44526,0.93369,1201740
molecule,equation,stage,trial,nranks,wall_s,compute_s,sparsity,peak_rss_kb
C4H10,eq2,stage1,1,4,0.123291,0.115008,0.36,2571268
C4H10,eq2,stage2,1,4,0.451217,0.409327,0.824872,2571268
C4H10,eq2,stage3,1,4,3.12473,2.93984,0.968568,2571268
C4H10,eq2,total,1,4,3.70165,3.70165,0.968568,2571268
C4H10,eq2,stage1,2,4,0.102841,0.0944292,0.36,2571268
C4H10,eq2,stage2,2,4,0.451539,0.450628,0.825128,2571268
C4H10,eq2,stage3,2,4,2.30918,2.28266,0.968225,2571268
C4H10,eq2,total,2,4,2.92298,2.92298,0.968225,2571268
C4H10,eq2,stage1,3,4,0.0737578,0.0600917,0.36,2571268
C4H10,eq2,stage2,3,4,0.420888,0.419892,0.824103,2571268
C4H10,eq2,stage3,3,4,2.59387,2.50329,0.969112,2571268
C4H10,eq2,total,3,4,3.12255,3.12255,0.969112,2571268
molecule,equation,stage,trial,nranks,wall_s,compute_s,sparsity,peak_rss_kb
C4H10,eq2,stage1,1,8,0.109893,0.0912367,0.36,2381344
C4H10,eq2,stage2,1,8,0.426203,0.424999,0.824615,2381344
C4H10,eq2,stage3,1,8,2.23641,2.00905,0.967515,2381344
C4H10,eq2,total,1,8,2.8041,2.8041,0.967515,2381344
C4H10,eq2,stage1,2,8,0.0743374,0.0438883,0.36,2381344
C4H10,eq2,stage2,2,8,0.433089,0.431796,0.824615,2381344
C4H10,eq2,stage3,2,8,2.17486,1.98923,0.967089,2381344
C4H10,eq2,total,2,8,2.71561,2.71561,0.967089,2381344
C4H10,eq2,stage1,3,8,0.0724534,0.0697439,0.36,2381344
C4H10,eq2,stage2,3,8,0.44081,0.411767,0.824103,2381344
C4H10,eq2,stage3,3,8,1.8576,1.77291,0.966911,2381344
C4H10,eq2,total,3,8,2.41741,2.41741,0.966911,2381344
molecule,equation,stage,trial,nranks,wall_s,compute_s,sparsity,peak_rss_kb
C4H10,eq2,stage1,1,16,0.125408,0.0930032,0.36,2381676
C4H10,eq2,stage2,1,16,0.506592,0.47647,0.824359,2381676
C4H10,eq2,stage3,1,16,1.78158,1.5562,0.966769,2381676
C4H10,eq2,total,1,16,2.44645,2.44645,0.966769,2381676
C4H10,eq2,stage1,2,16,0.0654973,0.0643838,0.36,2381676
C4H10,eq2,stage2,2,16,0.411308,0.409857,0.824615,2381676
C4H10,eq2,stage3,2,16,1.63795,1.48218,0.967515,2381676
C4H10,eq2,total,2,16,2.14788,2.14788,0.967515,2381676
C4H10,eq2,stage1,3,16,0.0842296,0.0398106,0.36,2381676
C4H10,eq2,stage2,3,16,0.437943,0.436335,0.824359,2381676
C4H10,eq2,stage3,3,16,1.40351,1.36261,0.967491,2381676
C4H10,eq2,total,3,16,1.95802,1.95802,0.967491,2381676
molecule,equation,stage,trial,nranks,wall_s,compute_s,sparsity,peak_rss_kb
C4H10,eq2,stage1,1,32,0.108834,0.0589062,0.36,2381712
C4H10,eq2,stage2,1,32,0.664846,0.662982,0.824872,2381712
C4H10,eq2,stage3,1,32,1.34086,1.22699,0.96768,2381712
C4H10,eq2,total,1,32,2.14848,2.14848,0.96768,2381712
C4H10,eq2,stage1,2,32,0.0976835,0.0606792,0.36,2381712
C4H10,eq2,stage2,2,32,0.634968,0.401002,0.825128,2381712
C4H10,eq2,stage3,2,32,1.11506,1.05056,0.967503,2381712
C4H10,eq2,total,2,32,1.88277,1.88277,0.967503,2381712
C4H10,eq2,stage1,3,32,0.0958307,0.061734,0.36,2381712
C4H10,eq2,stage2,3,32,0.455644,0.453858,0.824359,2381712
C4H10,eq2,stage3,3,32,1.08785,1.03093,0.967243,2381712
C4H10,eq2,total,3,32,1.67264,1.67264,0.967243,2381712
molecule,equation,stage,trial,nranks,wall_s,compute_s,sparsity,peak_rss_kb
C5H12,eq2,stage1,1,4,0.219594,0.20954,0.306122,4740508
C5H12,eq2,stage2,1,4,0.79264,0.761591,0.864729,4740508
C5H12,eq2,stage3,1,4,5.84906,5.71756,0.981073,4740508
C5H12,eq2,total,1,4,6.89396,6.89396,0.981073,4740508
C5H12,eq2,stage1,2,4,0.184163,0.166357,0.306122,4740508
C5H12,eq2,stage2,2,4,0.875255,0.873951,0.86578,4740508
C5H12,eq2,stage3,2,4,3.87061,3.81035,0.982403,4740508
C5H12,eq2,total,2,4,4.98273,4.98273,0.982403,4740508
C5H12,eq2,stage1,3,4,0.144454,0.142991,0.306122,4740508
C5H12,eq2,stage2,3,4,0.788797,0.787645,0.865196,4740508
C5H12,eq2,stage3,3,4,4.48306,4.34184,0.981694,4740508
C5H12,eq2,total,3,4,5.46395,5.46395,0.981694,4740508
molecule,equation,stage,trial,nranks,wall_s,compute_s,sparsity,peak_rss_kb
C5H12,eq2,stage1,1,8,0.216553,0.178443,0.306122,4740968
C5H12,eq2,stage2,1,8,0.724274,0.705529,0.862278,4740968
C5H12,eq2,stage3,1,8,4.1517,4.14472,0.980556,4740968
C5H12,eq2,total,1,8,5.12332,5.12332,0.980556,4740968
C5H12,eq2,stage1,2,8,0.134127,0.100257,0.306122,4740968
C5H12,eq2,stage2,2,8,0.763857,0.757815,0.864029,4740968
C5H12,eq2,stage3,2,8,3.42829,3.224,0.980977,4740968
C5H12,eq2,total,2,8,4.36652,4.36652,0.980977,4740968
C5H12,eq2,stage1,3,8,0.127499,0.100996,0.306122,4740968
C5H12,eq2,stage2,3,8,0.68094,0.676051,0.862745,4740968
C5H12,eq2,stage3,3,8,3.17331,3.10658,0.981045,4740968
C5H12,eq2,total,3,8,4.04586,4.04586,0.981045,4740968
molecule,equation,stage,trial,nranks,wall_s,compute_s,sparsity,peak_rss_kb
C5H12,eq2,stage1,1,16,0.156949,0.10579,0.306122,4740408
C5H12,eq2,stage2,1,16,0.635533,0.573059,0.862512,4740408
C5H12,eq2,stage3,1,16,2.65343,2.38657,0.980432,4740408
C5H12,eq2,total,1,16,3.47944,3.47944,0.980432,4740408
C5H12,eq2,stage1,2,16,0.127719,0.0933714,0.306122,4740408
C5H12,eq2,stage2,2,16,0.597377,0.592193,0.862979,4740408
C5H12,eq2,stage3,2,16,2.47354,2.41866,0.98064,4740408
C5H12,eq2,total,2,16,3.2729,3.2729,0.98064,4740408
C5H12,eq2,stage1,3,16,0.169829,0.102985,0.306122,4740408
C5H12,eq2,stage2,3,16,0.584397,0.582903,0.862278,4740408
C5H12,eq2,stage3,3,16,2.45521,2.24443,0.98046,4740408
C5H12,eq2,total,3,16,3.24118,3.24118,0.98046,4740408
molecule,equation,stage,trial,nranks,wall_s,compute_s,sparsity,peak_rss_kb
C5H12,eq2,stage1,1,32,0.165429,0.125118,0.306122,4740796
C5H12,eq2,stage2,1,32,0.88865,0.693331,0.862395,4740796
C5H12,eq2,stage3,1,32,2.30451,2.19994,0.98046,4740796
C5H12,eq2,total,1,32,3.39188,3.39188,0.98046,4740796
C5H12,eq2,stage1,2,32,0.112148,0.0623199,0.306122,4740796
C5H12,eq2,stage2,2,32,0.841109,0.650077,0.863679,4740796
C5H12,eq2,stage3,2,32,2.14782,1.982,0.980604,4740796
C5H12,eq2,total,2,32,3.13431,3.13431,0.980604,4740796
C5H12,eq2,stage1,3,32,0.145153,0.0720928,0.306122,4740796
C5H12,eq2,stage2,3,32,0.854747,0.641713,0.863679,4740796
C5H12,eq2,stage3,3,32,2.07041,2.01221,0.980861,4740796
C5H12,eq2,total,3,32,3.12968,3.12968,0.980861,4740796
molecule,equation,stage,trial,nranks,wall_s,compute_s,sparsity,peak_rss_kb
C6H14,eq2,stage1,1,4,0.352099,0.319144,0.271046,7200384
C6H14,eq2,stage2,1,4,1.1759,1.15226,0.884101,7200384
C6H14,eq2,stage3,1,4,8.07426,8.01916,0.985376,7200384
C6H14,eq2,total,1,4,9.631,9.631,0.985376,7200384
C6H14,eq2,stage1,2,4,0.284465,0.282432,0.271046,7200384
C6H14,eq2,stage2,2,4,1.38087,1.38026,0.883963,7200384
C6H14,eq2,stage3,2,4,7.54795,7.54659,0.985039,7200384
C6H14,eq2,total,2,4,9.25904,9.25904,0.985039,7200384
C6H14,eq2,stage1,3,4,0.312504,0.271597,0.271046,7200384
C6H14,eq2,stage2,3,4,1.29557,1.28915,0.881481,7200384
C6H14,eq2,stage3,3,4,6.84143,6.83693,0.984843,7200384
C6H14,eq2,total,3,4,8.48586,8.48586,0.984843,7200384
molecule,equation,stage,trial,nranks,wall_s,compute_s,sparsity,peak_rss_kb
C6H14,eq2,stage1,1,8,0.261306,0.224882,0.271046,6092688
C6H14,eq2,stage2,1,8,1.20557,1.17141,0.88155,6092688
C6H14,eq2,stage3,1,8,6.51401,6.26285,0.984577,6092688
C6H14,eq2,total,1,8,8.00888,8.00888,0.984577,6092688
C6H14,eq2,stage1,2,8,0.239161,0.189719,0.271046,6092688
C6H14,eq2,stage2,2,8,1.00605,1.00477,0.881688,6092688
C6H14,eq2,stage3,2,8,6.70927,6.32054,0.984418,6092688
C6H14,eq2,total,2,8,8.01861,8.01861,0.984418,6092688
C6H14,eq2,stage1,3,8,0.194025,0.191801,0.271046,6092688
C6H14,eq2,stage2,3,8,1.03227,1.031,0.881826,6092688
C6H14,eq2,stage3,3,8,5.73386,5.69306,0.98465,6092688
C6H14,eq2,total,3,8,7.01316,7.01316,0.98465,6092688
molecule,equation,stage,trial,nranks,wall_s,compute_s,sparsity,peak_rss_kb
C6H14,eq2,stage1,1,16,0.220041,0.180557,0.271046,5585724
C6H14,eq2,stage2,1,16,0.906135,0.903681,0.881067,5585724
C6H14,eq2,stage3,1,16,4.35489,4.01398,0.984258,5585724
C6H14,eq2,total,1,16,5.51377,5.51377,0.984258,5585724
C6H14,eq2,stage1,2,16,0.129214,0.106928,0.271046,5585724
C6H14,eq2,stage2,2,16,0.887648,0.886079,0.883205,5585724
C6H14,eq2,stage3,2,16,4.11424,3.81762,0.984328,5585724
C6H14,eq2,total,2,16,5.16777,5.16777,0.984328,5585724
C6H14,eq2,stage1,3,16,0.127397,0.116877,0.271046,5585724
C6H14,eq2,stage2,3,16,0.860587,0.859335,0.880723,5585724
C6H14,eq2,stage3,3,16,3.85434,3.74522,0.984332,5585724
C6H14,eq2,total,3,16,4.88366,4.88366,0.984332,5585724
molecule,equation,stage,trial,nranks,wall_s,compute_s,sparsity,peak_rss_kb
C6H14,eq2,stage1,1,32,0.186536,0.129614,0.271046,5321100
C6H14,eq2,stage2,1,32,0.867698,0.865857,0.880378,5321100
C6H14,eq2,stage3,1,32,3.34925,3.16449,0.984205,5321100
C6H14,eq2,total,1,32,4.55638,4.55638,0.984205,5321100
C6H14,eq2,stage1,2,32,0.124107,0.0872623,0.271046,5321100
C6H14,eq2,stage2,2,32,1.18449,0.963381,0.88217,5321100
C6H14,eq2,stage3,2,32,2.76359,2.74284,0.984237,5321100
C6H14,eq2,total,2,32,4.14396,4.14396,0.984237,5321100
C6H14,eq2,stage1,3,32,0.136806,0.0768577,0.271046,5321100
C6H14,eq2,stage2,3,32,1.1181,0.947051,0.882722,5321100
C6H14,eq2,stage3,3,32,2.73615,2.65314,0.98456,5321100
C6H14,eq2,total,3,32,4.03073,4.03073,0.98456,5321100
molecule,equation,stage,trial,nranks,wall_s,compute_s,sparsity,peak_rss_kb
C3H8,eq0,stage1,1,4,0.480696,0.429296,0.708333,1469680
C3H8,eq0,stage2,1,4,8.74684,8.62525,0.914931,16883600
C3H8,eq0,stage3,1,4,158.081,158.039,0.924769,27685840
C3H8,eq0,total,1,4,167.337,167.337,0.924769,27685840
C3H8,eq0,stage1,2,4,0.418532,0.390798,0.708333,27685840
C3H8,eq0,stage2,2,4,9.05704,8.59615,0.914931,27685840
C3H8,eq0,stage3,2,4,154.49,154.454,0.924576,27844692
C3H8,eq0,total,2,4,164.001,164.001,0.924576,27844692
C3H8,eq0,stage1,3,4,0.44633,0.437987,0.708333,27844692
C3H8,eq0,stage2,3,4,9.13798,7.81244,0.914931,27844692
C3H8,eq0,stage3,3,4,153.384,153.313,0.924576,28349056
C3H8,eq0,total,3,4,162.995,162.995,0.924576,28349056
molecule,equation,stage,trial,nranks,wall_s,compute_s,sparsity,peak_rss_kb
C3H8,eq0,stage1,1,8,0.29466,0.276527,0.708333,1201972
C3H8,eq0,stage2,1,8,5.06255,4.79319,0.914931,10684168
C3H8,eq0,stage3,1,8,104.954,104.953,0.927083,16273568
C3H8,eq0,total,1,8,110.36,110.36,0.927083,16273568
C3H8,eq0,stage1,2,8,0.298847,0.237551,0.708333,16273568
C3H8,eq0,stage2,2,8,4.88095,4.80397,0.914931,16273568
C3H8,eq0,stage3,2,8,106.263,106.262,0.926119,16273568
C3H8,eq0,total,2,8,111.488,111.488,0.926119,16273568
C3H8,eq0,stage1,3,8,0.314128,0.232399,0.708333,16273568
C3H8,eq0,stage2,3,8,4.97,4.48946,0.914931,16273568
C3H8,eq0,stage3,3,8,102.49,102.489,0.925926,16424284
C3H8,eq0,total,3,8,107.844,107.844,0.925926,16424284
molecule,equation,stage,trial,nranks,wall_s,compute_s,sparsity,peak_rss_kb
C3H8,eq0,stage1,1,16,0.253104,0.172469,0.708333,1202032
C3H8,eq0,stage2,1,16,2.5452,2.4434,0.914931,5558640
C3H8,eq0,stage3,1,16,63.547,63.5456,0.925347,8370148
C3H8,eq0,total,1,16,66.3985,66.3985,0.925347,8370148
C3H8,eq0,stage1,2,16,0.218663,0.168624,0.708333,8370148
C3H8,eq0,stage2,2,16,2.54409,2.47708,0.914931,8370148
C3H8,eq0,stage3,2,16,61.7869,61.7692,0.924961,8460704
C3H8,eq0,total,2,16,64.6092,64.6092,0.924961,8460704
C3H8,eq0,stage1,3,16,0.222079,0.155314,0.708333,8460704
C3H8,eq0,stage2,3,16,2.70267,2.53768,0.914931,8460704
C3H8,eq0,stage3,3,16,62.3772,62.3577,0.924961,8641840
C3H8,eq0,total,3,16,65.3851,65.3851,0.924961,8641840
molecule,equation,stage,trial,nranks,wall_s,compute_s,sparsity,peak_rss_kb
C3H8,eq0,stage1,1,32,0.221783,0.160294,0.708333,1202168
C3H8,eq0,stage2,1,32,2.12324,1.32021,0.914931,2291652
C3H8,eq0,stage3,1,32,50.7301,50.7204,0.924769,5289116
C3H8,eq0,total,1,32,53.1448,53.1448,0.924769,5289116
C3H8,eq0,stage1,2,32,0.199945,0.128254,0.708333,5289116
C3H8,eq0,stage2,2,32,1.91745,1.37107,0.914931,5289116
C3H8,eq0,stage3,2,32,48.6744,48.6531,0.924576,5408364
C3H8,eq0,total,2,32,50.8997,50.8997,0.924576,5408364
C3H8,eq0,stage1,3,32,0.207001,0.150964,0.708333,5408364
C3H8,eq0,stage2,3,32,2.03785,1.24825,0.914931,5408364
C3H8,eq0,stage3,3,32,47.4504,47.4486,0.924769,5477864
C3H8,eq0,total,3,32,49.7336,49.7336,0.924769,5477864
molecule,equation,stage,trial,nranks,wall_s,compute_s,sparsity,peak_rss_kb
C3H8,eq0,stage1,1,8,0.733886,0.658256,0.708333,1201768
C3H8,eq0,stage2,1,8,9.71639,9.17417,0.914931,10919596
C3H8,eq0,stage3,1,8,179.176,179.132,0.925926,16451000
C3H8,eq0,total,1,8,189.754,189.754,0.925926,16451000
C3H8,eq0,stage1,2,8,0.676278,0.463066,0.708333,16451000
C3H8,eq0,stage2,2,8,9.37636,9.06051,0.914931,16451000
C3H8,eq0,stage3,2,8,172.168,172.16,0.925154,16451000
C3H8,eq0,total,2,8,182.739,182.739,0.925154,16451000
C3H8,eq0,stage1,3,8,0.690322,0.451229,0.708333,16451000
C3H8,eq0,stage2,3,8,9.68459,9.05249,0.914931,16451000
C3H8,eq0,stage3,3,8,180.434,180.422,0.925733,16755428
C3H8,eq0,total,3,8,191.811,191.811,0.925733,16755428
molecule,equation,stage,trial,nranks,wall_s,compute_s,sparsity,peak_rss_kb
C3H8,eq0,stage1,1,16,0.771776,0.625546,0.708333,1201780
C3H8,eq0,stage2,1,16,5.253,5.00475,0.914931,5958816
C3H8,eq0,stage3,1,16,112.76,112.737,0.924961,8456536
C3H8,eq0,total,1,16,119.04,119.04,0.924961,8456536
C3H8,eq0,stage1,2,16,0.680264,0.487976,0.708333,8456536
C3H8,eq0,stage2,2,16,5.14023,4.61772,0.914931,8456536
C3H8,eq0,stage3,2,16,115.863,115.854,0.924961,8561776
C3H8,eq0,total,2,16,121.946,121.946,0.924961,8561776
C3H8,eq0,stage1,3,16,0.830946,0.487836,0.708333,8561776
C3H8,eq0,stage2,3,16,5.42454,4.91603,0.914931,8561776
C3H8,eq0,stage3,3,16,112.204,112.112,0.924769,8630380
C3H8,eq0,total,3,16,119.07,119.07,0.924769,8630380
molecule,equation,stage,trial,nranks,wall_s,compute_s,sparsity,peak_rss_kb
C3H8,eq0,stage1,1,32,0.843579,0.472752,0.708333,1202140
C3H8,eq0,stage2,1,32,4.67197,2.78131,0.914931,2332744
C3H8,eq0,stage3,1,32,89.2225,89.1436,0.924769,5234544
C3H8,eq0,total,1,32,95.1073,95.1073,0.924769,5234544
C3H8,eq0,stage1,2,32,0.708051,0.554951,0.708333,5234544
C3H8,eq0,stage2,2,32,4.29891,2.99596,0.914931,5234544
C3H8,eq0,stage3,2,32,91.4763,91.3893,0.925347,5385256
C3H8,eq0,total,2,32,96.9123,96.9123,0.925347,5385256
C3H8,eq0,stage1,3,32,0.64809,0.449716,0.708333,5385256
C3H8,eq0,stage2,3,32,4.21034,2.77761,0.914931,5385256
C3H8,eq0,stage3,3,32,87.3606,87.2967,0.924769,5544652
C3H8,eq0,total,3,32,92.7246,92.7246,0.924769,5544652
molecule,equation,stage,trial,nranks,wall_s,compute_s,sparsity,peak_rss_kb
C3H8,eq0,stage1,1,64,0.974268,0.559864,0.708333,1202028
C3H8,eq0,stage2,1,64,2.84348,2.08738,0.914931,2161808
C3H8,eq0,stage3,1,64,62.8223,62.7447,0.925347,3353996
C3H8,eq0,total,1,64,67.5662,67.5662,0.925347,3353996
C3H8,eq0,stage1,2,64,0.848707,0.608036,0.708333,3353996
C3H8,eq0,stage2,2,64,2.91603,1.79192,0.914931,3353996
C3H8,eq0,stage3,2,64,63.0638,62.9239,0.925154,3392040
C3H8,eq0,total,2,64,68.693,68.693,0.925154,3392040
C3H8,eq0,stage1,3,64,1.12,0.567933,0.708333,3392040
C3H8,eq0,stage2,3,64,2.74813,2.13199,0.914931,3392040
C3H8,eq0,stage3,3,64,61.7627,61.7181,0.924961,3448552
C3H8,eq0,total,3,64,66.0287,66.0287,0.924961,3448552
molecule,equation,stage,trial,nranks,wall_s,compute_s,sparsity,peak_rss_kb
C4H10,eq0,stage1,1,8,0.886665,0.833614,0.776923,2381276
C4H10,eq0,stage2,1,8,15.5184,14.5629,0.950237,18904264
C4H10,eq0,stage3,1,8,313.206,313.204,0.960592,32229996
C4H10,eq0,total,1,8,329.629,329.629,0.960592,32229996
C4H10,eq0,stage1,2,8,1.19654,1.15009,0.776923,32229996
C4H10,eq0,stage2,2,8,15.3061,12.2305,0.950237,32229996
C4H10,eq0,stage3,2,8,343.496,343.489,0.960473,32760748
C4H10,eq0,total,2,8,360.021,360.021,0.960473,32760748
C4H10,eq0,stage1,3,8,0.922185,0.773507,0.776923,32760748
C4H10,eq0,stage2,3,8,15.3777,13.684,0.950237,32760748
C4H10,eq0,stage3,3,8,338.697,338.692,0.960651,33601340
C4H10,eq0,total,3,8,355.016,355.016,0.960651,33601340
molecule,equation,stage,trial,nranks,wall_s,compute_s,sparsity,peak_rss_kb
C4H10,eq0,stage1,1,16,0.55215,0.513797,0.776923,2381636
C4H10,eq0,stage2,1,16,10.9343,10.541,0.950237,15936192
C4H10,eq0,stage3,1,16,204.654,204.652,0.960355,24672148
C4H10,eq0,total,1,16,216.195,216.195,0.960355,24672148
C4H10,eq0,stage1,2,16,0.556152,0.506627,0.776923,24672148
C4H10,eq0,stage2,2,16,11.6819,11.2142,0.950237,24672148
C4H10,eq0,stage3,2,16,194.572,194.57,0.960473,24720212
C4H10,eq0,total,2,16,206.94,206.94,0.960473,24720212
C4H10,eq0,stage1,3,16,0.607348,0.592998,0.776923,24720212
C4H10,eq0,stage2,3,16,10.8845,10.0705,0.950237,24720212
C4H10,eq0,stage3,3,16,193.701,193.695,0.960533,25054572
C4H10,eq0,total,3,16,205.269,205.269,0.960533,25054572
molecule,equation,stage,trial,nranks,wall_s,compute_s,sparsity,peak_rss_kb
C4H10,eq0,stage1,1,32,0.429748,0.329868,0.776923,2381844
C4H10,eq0,stage2,1,32,4.09181,3.46575,0.950237,4475124
C4H10,eq0,stage3,1,32,91.8829,91.875,0.960237,9186536
C4H10,eq0,total,1,32,96.4841,96.4841,0.960237,9186536
C4H10,eq0,stage1,2,32,0.363794,0.303003,0.776923,9186536
C4H10,eq0,stage2,2,32,3.9281,3.73898,0.950237,9186536
C4H10,eq0,stage3,2,32,91.0242,91.0226,0.960947,9494668
C4H10,eq0,total,2,32,95.4121,95.4121,0.960947,9494668
C4H10,eq0,stage1,3,32,0.344262,0.314849,0.776923,9494668
C4H10,eq0,stage2,3,32,4.01142,3.76117,0.950237,9494668
C4H10,eq0,stage3,3,32,91.6201,91.4641,0.960769,9494668
C4H10,eq0,total,3,32,96.0879,96.0879,0.960769,9494668
molecule,equation,stage,trial,nranks,wall_s,compute_s,sparsity,peak_rss_kb
C5H12,eq0,stage1,1,8,1.47558,1.46354,0.813725,4740800
C5H12,eq0,stage2,1,8,35.0995,31.0096,0.965302,43223932
C5H12,eq0,stage3,1,8,785.882,785.754,0.976331,59285816
C5H12,eq0,total,1,8,822.567,822.567,0.976331,59285816
C5H12,eq0,stage1,2,8,1.71943,1.66219,0.813725,59285816
C5H12,eq0,stage2,2,8,34.4648,31.4531,0.965302,59285816
C5H12,eq0,stage3,2,8,759.997,759.996,0.976259,60507964
C5H12,eq0,total,2,8,796.28,796.28,0.976259,60507964
C5H12,eq0,stage1,3,8,1.56273,1.35482,0.813725,60507964
C5H12,eq0,stage2,3,8,34.8788,32.2616,0.965302,60507964
C5H12,eq0,stage3,3,8,690.723,690.697,0.976283,61184804
C5H12,eq0,total,3,8,727.234,727.234,0.976283,61184804
molecule,equation,stage,trial,nranks,wall_s,compute_s,sparsity,peak_rss_kb
C5H12,eq0,stage1,1,16,0.778155,0.705875,0.813725,4739756
C5H12,eq0,stage2,1,16,15.5903,13.4974,0.965302,22640292
C5H12,eq0,stage3,1,16,472.072,472.07,0.976812,34191900
C5H12,eq0,total,1,16,488.501,488.501,0.976812,34191900
C5H12,eq0,stage1,2,16,0.800925,0.690475,0.813725,34191900
C5H12,eq0,stage2,2,16,16.7479,15.6156,0.965302,34191900
C5H12,eq0,stage3,2,16,463.574,463.571,0.976836,34211048
C5H12,eq0,total,2,16,481.194,481.194,0.976836,34211048
C5H12,eq0,stage1,3,16,0.787958,0.658724,0.813725,34211048
C5H12,eq0,stage2,3,16,16.1597,13.4122,0.965302,34211048
C5H12,eq0,stage3,3,16,454.993,454.882,0.976451,34211048
C5H12,eq0,total,3,16,471.975,471.975,0.976451,34211048
molecule,equation,stage,trial,nranks,wall_s,compute_s,sparsity,peak_rss_kb
C5H12,eq0,stage1,1,32,0.526844,0.396481,0.813725,4739756
C5H12,eq0,stage2,1,32,10.055,8.28583,0.965302,12733016
C5H12,eq0,stage3,1,32,264.268,264.147,0.976403,17715184
C5H12,eq0,total,1,32,274.904,274.904,0.976403,17715184
C5H12,eq0,stage1,2,32,0.50428,0.398914,0.813725,17715184
C5H12,eq0,stage2,2,32,9.64382,8.65323,0.965302,17715184
C5H12,eq0,stage3,2,32,258.195,258.193,0.97674,17939076
C5H12,eq0,total,2,32,268.42,268.42,0.97674,17939076
C5H12,eq0,stage1,3,32,0.523105,0.392194,0.813725,17939076
C5H12,eq0,stage2,3,32,10.1994,8.94192,0.965302,17939076
C5H12,eq0,stage3,3,32,257.669,257.546,0.976596,17982392
C5H12,eq0,total,3,32,268.47,268.47,0.976596,17982392
molecule,equation,stage,trial,nranks,wall_s,compute_s,sparsity,peak_rss_kb

===================================================================================
=   BAD TERMINATION OF ONE OF YOUR APPLICATION PROCESSES
=   PID 14681 RUNNING AT node3
=   EXIT CODE: 9
=   CLEANING UP REMAINING PROCESSES
=   YOU CAN IGNORE THE BELOW CLEANUP MESSAGES
===================================================================================
molecule,equation,stage,trial,nranks,wall_s,compute_s,sparsity,peak_rss_kb
C6H14,eq0,stage1,1,16,1.18584,1.09262,0.837838,5585136
C6H14,eq0,stage2,1,16,26.6635,26.6249,0.973703,38482304
C6H14,eq0,stage3,1,16,726.321,726.319,0.98314,47639928
C6H14,eq0,total,1,16,754.275,754.275,0.98314,47639928
C6H14,eq0,stage1,2,16,1.25725,1.16362,0.837838,47639928
C6H14,eq0,stage2,2,16,24.7379,23.1047,0.973703,47639928
C6H14,eq0,stage3,2,16,729.296,729.294,0.98317,47985500
C6H14,eq0,total,2,16,755.353,755.353,0.98317,47985500
C6H14,eq0,stage1,3,16,1.16277,1.09059,0.837838,47985500
C6H14,eq0,stage2,3,16,24.0186,23.7901,0.973703,47985500
C6H14,eq0,stage3,3,16,724.93,724.924,0.983363,47985500
C6H14,eq0,total,3,16,750.191,750.191,0.983363,47985500
molecule,equation,stage,trial,nranks,wall_s,compute_s,sparsity,peak_rss_kb
C6H14,eq0,stage1,1,32,0.769189,0.679342,0.837838,5320684
C6H14,eq0,stage2,1,32,13.7705,13.1377,0.973703,18209644
C6H14,eq0,stage3,1,32,463.665,463.583,0.983095,23982460
C6H14,eq0,total,1,32,478.282,478.282,0.983095,23982460
C6H14,eq0,stage1,2,32,0.814851,0.663213,0.837838,23982460
C6H14,eq0,stage2,2,32,13.67,12.3905,0.973703,23982460
C6H14,eq0,stage3,2,32,460.483,460.399,0.98311,23982460
C6H14,eq0,total,2,32,475.025,475.025,0.98311,23982460
C6H14,eq0,stage1,3,32,0.803519,0.739287,0.837838,23982460
C6H14,eq0,stage2,3,32,13.9293,11.6431,0.973703,23982460
C6H14,eq0,stage3,3,32,463.012,462.93,0.983125,24031872
C6H14,eq0,total,3,32,477.797,477.797,0.983125,24031872
molecule,equation,stage,trial,nranks,wall_s,compute_s,sparsity,peak_rss_kb

===================================================================================
=   BAD TERMINATION OF ONE OF YOUR APPLICATION PROCESSES
=   PID 72749 RUNNING AT node0
=   EXIT CODE: 9
=   CLEANING UP REMAINING PROCESSES
=   YOU CAN IGNORE THE BELOW CLEANUP MESSAGES
===================================================================================
molecule,equation,stage,trial,nranks,wall_s,compute_s,sparsity,peak_rss_kb

===================================================================================
=   BAD TERMINATION OF ONE OF YOUR APPLICATION PROCESSES
=   PID 72833 RUNNING AT node0
=   EXIT CODE: 9
=   CLEANING UP REMAINING PROCESSES
=   YOU CAN IGNORE THE BELOW CLEANUP MESSAGES
===================================================================================
molecule,equation,stage,trial,nranks,wall_s,compute_s,sparsity,peak_rss_kb

===================================================================================
=   BAD TERMINATION OF ONE OF YOUR APPLICATION PROCESSES
=   PID 13097 RUNNING AT node20
=   EXIT CODE: 9
=   CLEANING UP REMAINING PROCESSES
=   YOU CAN IGNORE THE BELOW CLEANUP MESSAGES
===================================================================================
molecule,equation,stage,trial,nranks,wall_s,compute_s,sparsity,peak_rss_kb
molecule,equation,stage,trial,nranks,wall_s,compute_s,sparsity,peak_rss_kb
molecule,equation,stage,trial,nranks,wall_s,compute_s,sparsity,peak_rss_kb
molecule,equation,stage,trial,nranks,wall_s,compute_s,sparsity,peak_rss_kb
